Alternative,Output,Index,Kompatibilitas,Unjuk Kerja,Purna Jual
Compaq,0.355960265,1,0.57,0.257,0.248
ACER,0.26589404,2,0.274,0.29,0.239
IBM,0.263576159,3,0.116,0.379,0.301
HP,0.114569537,4,0.06,0.074,0.212